,Contract,InternetService,PaymentMethod,SeniorCitizen
Month-to-month,42.70967741935484,,,
One year,11.269517990495586,,,
Two year,2.831858407079646,,,
DSL,,18.95910780669145,,
Fiber optic,,41.89276485788114,,
No,,7.404980340760157,,
Bank transfer (automatic),,,16.709844559585495,
Credit card (automatic),,,15.243101182654403,
Electronic check,,,45.28541226215645,
Mailed check,,,19.106699751861044,
0,,,,23.606168446026096
1,,,,41.68126094570928
