Model,Accuracy,Sensitivity,Specificity,AUC
KNN,0.7970191625266146,0.5013404825737265,0.9034749034749034,0.702407693024315
Random Forest,0.7913413768630234,0.46380697050938335,0.9092664092664092,0.6865366898878963
Logistic Regression,0.8211497515968772,0.5978552278820375,0.9015444015444015,0.7496998147132194
